28,"t","Honey: Released March 18, 2022, by the National Agricultural Statistics Service (NASS), Agricultural Statistics Board, United States Department of Agriculture (USDA)."
28,"t","Queen, Package, and Nuc Prices Paid � United States: 2020 and 2021"
28,"t","[Represents prices paid on the total number of colonies, regardless of whether honey was harvested]"
28,"h","","",""
28,"h","Item","2020","2021"
28,"h","","",""
28,"u","","(dollars)","(dollars)"
28,"d","Queen",18,20
28,"d","Package",84,91
28,"d","Nuc",106,125
28,"c",""
