25,"t","Honey: Released March 18, 2021, by the National Agricultural Statistics Service (NASS), Agricultural Statistics Board, United States Department of Agriculture (USDA)."
25,"t","Apiary Workers � United States: 2019 and 2020"
25,"t","[Represents number of paid and unpaid workers that worked with colonies, regardless of whether honey was harvested]"
25,"h","","",""
25,"h","Item","2019","2020"
25,"h","","",""
25,"u","","(workers)","(workers)"
25,"d","Apiary workers",25000,24000
25,"c",""
