28,"t","Honey: Released March 18, 2021, by the National Agricultural Statistics Service (NASS), Agricultural Statistics Board, United States Department of Agriculture (USDA)."
28,"t","Queen, Package, and Nuc Prices Paid � United States: 2019 and 2020"
28,"t","[Represents prices paid on the total number of colonies, regardless of whether honey was harvested]"
28,"h","","",""
28,"h","Item","2019","2020"
28,"h","","",""
28,"u","","(dollars)","(dollars)"
28,"d","Queen",18,18
28,"d","Package",85,84
28,"d","Nuc",100,105
28,"c",""
