28,"t","Honey: Released March 19, 2020, by the National Agricultural Statistics Service (NASS), Agricultural Statistics Board, United States Department of Agriculture (USDA)."
28,"t","Queen, Package, and Nuc Prices Paid � United States: 2018 and 2019"
28,"t","[Represents prices paid on the total number of colonies, regardless of whether honey was harvested]"
28,"h","","",""
28,"h","Item","2018","2019"
28,"h","","",""
28,"u","","(dollars)","(dollars)"
28,"d","Queen",18,18
28,"d","Package",87,85
28,"d","Nuc",108,100
28,"c",""
