25,"t","Honey: Released March 19, 2020, by the National Agricultural Statistics Service (NASS), Agricultural Statistics Board, United States Department of Agriculture (USDA)."
25,"t","Apiary Workers � United States: 2018 and 2019"
25,"t","[Represents number of paid and unpaid workers that worked with colonies, regardless of whether honey was harvested]"
25,"h","","",""
25,"h","Item","2018","2019"
25,"h","","",""
25,"u","","(workers)","(workers)"
25,"d","Apiary workers",23000,25000
25,"c",""
